<?xml version="1.0" encoding="UTF-8"?>
<project-private xmlns="http://www.netbeans.org/ns/project-private/1">
    <editor-bookmarks xmlns="http://www.netbeans.org/ns/editor-bookmarks/2" lastBookmarkId="0"/>
    <open-files xmlns="http://www.netbeans.org/ns/projectui-open-files/2">
        <group>
            <file>file:/C:/Users/unifjcitta/Documents/NetBeansProjects/ProjetoTeste1/src/view/FrameLogin.java</file>
            <file>file:/C:/Users/unifjcitta/Documents/NetBeansProjects/ProjetoTeste1/src/view/FrameDeposito.java</file>
            <file>file:/C:/Users/unifjcitta/Documents/NetBeansProjects/ProjetoTeste1/src/controller/DepositoController.java</file>
            <file>file:/C:/Users/unifjcitta/Documents/NetBeansProjects/ProjetoTeste1/src/DAO/UsuarioDAO.java</file>
            <file>file:/C:/Users/unifjcitta/Documents/NetBeansProjects/ProjetoTeste1/src/model/Usuario.java</file>
            <file>file:/C:/Users/unifjcitta/Documents/NetBeansProjects/ProjetoTeste1/src/view/FrameUsuario.java</file>
            <file>file:/C:/Users/unifjcitta/Documents/NetBeansProjects/ProjetoTeste1/src/controller/LoginController.java</file>
        </group>
    </open-files>
</project-private>
